variable,n_valid,missing_pct,median
water_temp_value,3308,1.1356843992827257,20.27
ph_value,3311,1.0460251046025104,7.45
salinity_value,3308,1.1356843992827257,0.22
nutrient_nitrogen_value,3343,0.08965929468021519,1.62
phosphate_phosphorus_value,3343,0.08965929468021519,0.09
tss_value,3343,0.08965929468021519,16.5
do_value,3330,0.47818290496114757,7.84
chlora_value,2590,22.594142259414227,6.675
