feature,importance,sd
water_temp_value,-0.0034043914074609236,0.006091727703368983
do_value,-0.0019651295770320987,0.009518146167615663
phosphate_phosphorus_value,0.0037459821960434884,0.00982656994376757
nutrient_nitrogen_value,0.005531329440300792,0.01518180886135523
ph_value,0.01566506946643898,0.012558722650855225
tss_value,0.03298662513748136,0.010866272380605436
salinity_value,0.26704944381436135,0.0159653122817787
