model,MAE_C,RMSE_C,R2
Seasonal linear,2.345040175032279,2.791668730367636,0.34503308335217486
Random forest,3.2428247263466887,3.8207551520877447,-0.2268458959071853
