design,fold,n_test,RMSE,MAE,R2
station-held-out,1,549,5.679045029888493,3.9615079032544496,0.29038386766357993
station-held-out,2,551,7.617576611210017,3.916997923399835,0.45300011168507015
station-held-out,3,496,8.050220565009122,5.0254931780872605,0.45010949427802127
station-held-out,4,499,7.7204947881308,4.8948637085264,0.21159668760487704
station-held-out,5,495,7.2579156315433355,4.424986439270004,0.5304663073692806
temporal: <= 2016 vs > 2016,1,1048,8.57596314611362,5.488661360711627,0.2985854764941398
