season,n,MAE,bias
Autumn,1075,3.234266484473844,-2.212131396648419
Spring,1125,5.0476565025476905,1.5450620432505766
Summer,1178,5.759361987726842,0.7576530541485123
Winter,260,4.887777835817844,-4.164895697144158
