metric,estimate,lower_95,upper_95,bootstrap_reps
temporal_test_RMSE,8.57596314611362,7.604393503267694,9.539865808184604,1000
