{
  "records": 3346,
  "stations": 22,
  "regression": {
    "model": "Random forest",
    "MAE": 4.0948309564400915,
    "RMSE": 7.500766315845804,
    "R2": 0.46367382827299397
  },
  "classification": {
    "model": "Logistic",
    "cv_balanced_accuracy_mean": 0.7838241948051732,
    "cv_balanced_accuracy_sd": 0.027651489978509133,
    "test_accuracy": 0.8278236914600551,
    "test_balanced_accuracy": 0.7988347770243227
  },
  "clustering": {
    "selected_k": 2,
    "silhouette": 0.4158883606968496,
    "median_bootstrap_ARI": 0.7981021350980148
  },
  "climate": {
    "model": "Seasonal linear",
    "MAE_C": 2.345040175032279,
    "RMSE_C": 2.791668730367636,
    "R2": 0.34503308335217486
  }
}