{
  "records": 3346,
  "stations": 22,
  "regression": {
    "model": "Random forest",
    "MAE": 4.0948309564400915,
    "RMSE": 7.500766315845804,
    "R2": 0.46367382827299397
  },
  "classification": {
    "model": "Logistic",
    "cv_balanced_accuracy_mean": 0.7838241948051732,
    "cv_balanced_accuracy_sd": 0.027651489978509133,
    "test_accuracy": 0.8278236914600551,
    "test_balanced_accuracy": 0.7988347770243227
  },
  "clustering": {
    "selected_k": 2,
    "silhouette": 0.4158883606968496,
    "median_bootstrap_ARI": 0.7981021350980148
  },
  "robust_validation": {
    "station_cv_RMSE_mean": 7.265050525156353,
    "temporal_RMSE": 8.57596314611362,
    "temporal_RMSE_CI": [
      7.604393503267694,
      9.539865808184604
    ]
  },
  "climate": {
    "model": "Seasonal linear",
    "MAE_C": 2.3522636443356504,
    "RMSE_C": 2.7738311979588444,
    "R2": 0.35188217511108977
  }
}